<?xml version="1.0" encoding="UTF-8"?>
<project-private xmlns="http://www.netbeans.org/ns/project-private/1">
    <editor-bookmarks xmlns="http://www.netbeans.org/ns/editor-bookmarks/2" lastBookmarkId="0"/>
    <open-files xmlns="http://www.netbeans.org/ns/projectui-open-files/2">
        <group>
            <file>file:/D:/github/OOP/OOP/QLTV/src/qltv/TrangCaNhan.java</file>
            <file>file:/D:/github/OOP/OOP/QLTV/src/qltv/Admin.java</file>
            <file>file:/D:/github/OOP/OOP/QLTV/src/qltv/ConnectToSql.java</file>
            <file>file:/D:/github/OOP/OOP/QLTV/src/qltv/AdminForm.java</file>
            <file>file:/D:/github/OOP/OOP/QLTV/src/qltv/Login.java</file>
            <file>file:/D:/github/OOP/OOP/QLTV/src/qltv/QLMSForm.java</file>
        </group>
    </open-files>
</project-private>
